{"A": [[0.9749244084340334, 2.8187342432004555e-05, 0.025047404223534596], [0.0004176024474339452, 0.968688819351473, 0.030893578201093074], [0.007848498411051048, 0.012842172054838643, 0.9793093295341102]], "params": {"0": {"0": {"mu": -6.98761277169792e-05, "sigma": 0.0030105171606348378, "jump_lambda": 0.01, "jump_mu": [0.02, -0.02], "jump_sigma": [0.05, 0.05], "mixture_weights": [0.5, 0.5]}, "1": {"mu": -0.00020853208895452033, "sigma": 0.004567311055415775, "jump_lambda": 0.01, "jump_mu": [0.02, -0.02], "jump_sigma": [0.05, 0.05], "mixture_weights": [0.5, 0.5]}, "2": {"mu": -0.0610962072220846, "sigma": 0.69777111224631, "jump_lambda": 0.05, "jump_mu": [0.02, -0.02], "jump_sigma": [0.05, 0.05], "mixture_weights": [0.5, 0.5]}}, "1": {"0": {"mu": 1.9029782252544387e-05, "sigma": 0.0008927582750252165, "jump_lambda": 0.016262708091377566, "jump_mu": [0.02, -0.02], "jump_sigma": [0.05, 0.05], "mixture_weights": [0.5, 0.5]}, "1": {"mu": 5.8795425261053045e-05, "sigma": 0.0010256980977123376, "jump_lambda": 0.01, "jump_mu": [0.02, -0.02], "jump_sigma": [0.05, 0.05], "mixture_weights": [0.5, 0.5]}, "2": {"mu": 0.00047982240302434185, "sigma": 0.5320412171470938, "jump_lambda": 0.05, "jump_mu": [0.02, -0.02], "jump_sigma": [0.05, 0.05], "mixture_weights": [0.5, 0.5]}}, "2": {"0": {"mu": 9.538994511786373e-06, "sigma": 0.0018168528650746195, "jump_lambda": 0.01, "jump_mu": [0.02, -0.02], "jump_sigma": [0.05, 0.05], "mixture_weights": [0.5, 0.5]}, "1": {"mu": 2.40694719431057e-05, "sigma": 0.002336921955222598, "jump_lambda": 0.01, "jump_mu": [0.02, -0.02], "jump_sigma": [0.05, 0.05], "mixture_weights": [0.5, 0.5]}, "2": {"mu": -0.03710405928886638, "sigma": 0.5879389055211847, "jump_lambda": 0.05, "jump_mu": [0.02, -0.02], "jump_sigma": [0.05, 0.05], "mixture_weights": [0.5, 0.5]}}}}
